producto,cantidad,precio_unitario,total,fecha_venta,vendedor
"Beef - Baby, Liver",489,139.39,4721.08,2/1/2021,Dmitri Stothert
Syrup - Monin - Blue Curacao,107,17.34,8246.33,4/23/2021,Dorie Rubenczyk
Veal - Osso Bucco,397,91.49,4638.23,12/19/2021,Joshua Saintsbury
Amaretto,302,158.42,5259.7,11/12/2021,Goraud Baudinet
Bread Country Roll,160,652.12,561.77,4/12/2021,Timofei Juza
Juice - Propel Sport,893,604.48,2768.9,3/14/2021,Stevy Haensel
Wine - Cousino Macul Antiguas,920,66.11,3298.23,10/12/2021,Umberto Faulkener
"Vermouth - Sweet, Cinzano",295,998.32,2739.4,5/25/2021,Lorrayne Bolletti
Trueblue - Blueberry 12x473ml,528,608.19,1213.87,8/18/2021,Sophi Gorrick
Flour - Whole Wheat,499,226.37,999.59,6/11/2021,Gregorio Emanuel
Halibut - Fletches,21,68.75,1355.89,10/7/2021,Farly Masding
Mushroom Morel Fresh,683,74.08,9652.47,11/10/2021,Jon Greetham
Vacuum Bags 12x16,518,205.22,203.01,1/21/2021,Lazarus Barnard
Salt - Sea,515,631.93,4728.23,1/16/2021,Nathaniel Lillford
Truffle Cups - Brown,213,705.26,5788.9,10/23/2021,Brnaby Hurtic
Soap - Mr.clean Floor Soap,680,369.71,4272.44,6/21/2021,Missy Robiot
Pea - Snow,718,241.21,4882.94,7/17/2021,Roz Roarty
Appetizer - Seafood Assortment,87,357.34,9965.23,9/26/2021,Kory Boni
Cheese - Perron Cheddar,384,702.48,6003.23,2/15/2021,Saw Gauche
Chinese Lemon Pork,633,623.3,2955.3,3/9/2021,Dre Kittles
Loquat,281,852.11,6921.11,9/29/2021,Josepha Costall
"Turkey - Breast, Boneless Sk On",653,538.73,8924.17,3/14/2021,Jackie Fellis
Wine - Magnotta - Pinot Gris Sr,104,897.36,5395.29,8/26/2021,Lucia Gheraldi
Wooden Mop Handle,724,369.79,628.09,9/22/2021,Iggy Marginson
"Ranchero - Primerba, Paste",844,652.19,8996.69,2/3/2021,Dane Dorrian
Squid - U - 10 Thailand,975,21.28,3715.7,12/10/2021,Linn Alsina
"Olives - Black, Pitted",990,868.39,3727.35,7/24/2021,Brucie Sprull
Squid - Tubes / Tenticles 10/20,980,155.21,5366.35,2/20/2021,Alissa Cromleholme
"Juice - Orange, 341 Ml",539,12.19,806.62,10/8/2021,Iggy Balint
Beef - Kobe Striploin,797,79.95,6939.64,4/13/2021,Lester Durram
Dr. Pepper - 355ml,51,894.65,8471.46,5/31/2021,Tracy Hanshawe
Beer - Paulaner Hefeweisse,631,371.07,609.35,5/18/2021,Viki Pawelski
Pur Source,725,842.21,7399.65,11/10/2021,Gardner Alentyev
"Pepper - Black, Crushed",712,342.65,6857.68,12/5/2021,Gerry Wythe
Wood Chips - Regular,821,812.37,2649.84,3/24/2021,Chere Zorzoni
Yogurt - Assorted Pack,728,361.17,9415.81,11/21/2021,Reyna Rodriguez
Cheese - Gouda,875,155.12,8386.58,9/10/2021,Dale Laxon
Wooden Mop Handle,970,534.13,8963.09,7/15/2021,Hertha Westbrook
Bread - White Mini Epi,917,306.4,1576.87,7/15/2021,Ailey Washtell
Irish Cream - Butterscotch,477,28.49,8582.4,6/6/2021,Lanny Cuttelar
Appetizer - Southwestern,292,345.09,3284.96,2/20/2021,Shawna Mowat
Pear - Prickly,420,258.83,4043.5,2/2/2021,Ondrea Corkitt
"Veal - Leg, Provimi - 50 Lb Max",704,580.84,8667.27,4/1/2021,Meridel O'Scollain
Shortbread - Cookie Crumbs,480,27.4,4846.38,2/25/2021,Addison Creer
"Sauce - Bernaise, Mix",934,596.75,1706.58,11/7/2021,Vidovik Aasaf
Bread - Kimel Stick Poly,433,587.4,887.22,5/31/2021,Robinett Goley
Squid - U - 10 Thailand,123,111.35,4199.35,4/18/2021,Phaedra Calverley
Tarts Assorted,991,74.05,4214.24,9/29/2021,Shae Ashmore
Wine - Vovray Sec Domaine Huet,505,290.11,2862.34,7/1/2021,Meggie Adriani
Veal - Slab Bacon,210,761.12,4793.23,7/16/2021,Allayne Scholtz
Tea - Green,610,672.33,8229.46,5/26/2021,Gretta Applebee
Longos - Chicken Caeser Salad,967,570.79,9820.12,10/21/2021,Emanuele Sunshine
"Pasta - Shells, Medium, Dry",969,669.69,4468.77,4/29/2021,Sandra Corn
Chicken Breast Halal,33,693.57,1250.28,4/15/2021,Oswell Larmet
Pork Loin Cutlets,319,334.98,2169.0,7/23/2021,Fremont Greschik
Nori Sea Weed - Gold Label,684,311.47,9.45,11/25/2021,Indira Coolson
Cakes Assorted,704,343.18,8055.58,10/27/2021,Noah Crush
Vinegar - Tarragon,892,802.45,1762.66,11/6/2021,Culver Duncan
Pasta - Cheese / Spinach Bauletti,222,385.42,6433.19,7/25/2021,Franny Glaze
Wine - Spumante Bambino White,349,780.93,822.61,12/10/2021,Giustino Vose
Wine - Gato Negro Cabernet,225,449.4,2792.3,11/26/2021,Skip Comley
"Chestnuts - Whole,canned",202,80.83,7470.65,3/30/2021,Sela Di Giorgio
Lettuce - Curly Endive,386,774.96,9674.8,10/30/2021,Leonanie McReedy
Squash - Sunburst,414,610.1,1402.76,5/23/2021,Adelind Cescot
Ice Cream - Super Sandwich,984,478.82,340.6,10/11/2021,Andreana Kenealy
Ice Cream - Strawberry,9,438.81,4186.35,10/10/2021,Carolyne Finlaison
"Chicken - Diced, Cooked",534,686.22,5407.97,5/15/2021,Gilbert Porch
Propel Sport Drink,302,480.51,4036.14,4/16/2021,Clem Cresar
Chocolate - White,10,962.75,7788.17,6/18/2021,Reinaldo Solway
Soap - Hand Soap,437,600.94,67.07,5/16/2021,Brendon Nann
Ecolab - Solid Fusion,751,9.92,6427.32,7/12/2021,Stu Dowd
Chocolate - Milk Coating,254,40.08,4086.81,10/15/2021,Bruno Windham
Beer - Corona,147,107.39,9625.61,7/12/2021,Keelby Freake
Sauce - Rosee,948,777.97,890.62,7/12/2021,Sherill Tillard
Jello - Assorted,23,932.94,5955.87,6/13/2021,Adlai Raftery
Lobster - Tail 6 Oz,234,305.44,8963.93,3/12/2021,Early Hagerty
Jameson Irish Whiskey,548,104.23,7496.74,3/15/2021,Xymenes Ummfrey
Duck - Fat,75,163.68,2464.62,8/31/2021,Andie De Minico
"Turkey - Breast, Double",646,830.33,6382.99,3/22/2021,Jeno Bukowski
Sun - Dried Tomatoes,709,917.2,3694.36,1/15/2021,Hanny Smerdon
Wine - Sogrape Mateus Rose,471,35.9,9651.39,3/19/2021,Sutton Petyt
"Soup - Knorr, Country Bean",76,2.23,1122.87,5/18/2021,Mel Shemmans
Apron,456,757.49,2501.64,4/12/2021,Maris Guyot
Tea - Black Currant,299,10.97,9280.47,12/7/2021,Read Trusler
"Garlic - Primerba, Paste",152,278.14,6262.92,11/28/2021,Arlyn Wawer
Swiss Chard,640,650.71,3657.29,12/6/2021,Ibbie Dunford
Beer - Guiness,187,643.56,699.68,10/21/2021,Heinrik Blazhevich
Chef Hat 20cm,648,660.09,6849.37,11/14/2021,Abbey Lamort
Glycerine,632,554.7,1344.42,5/1/2021,Mirna Wiper
Lettuce - Arugula,16,951.67,9621.59,2/12/2021,Louisa Stillert
Sauce - Hp,228,295.89,2532.21,5/17/2021,Skylar Bovingdon
Squid - Tubes / Tenticles 10/20,698,242.94,1915.58,12/8/2021,Ardenia Ferrers
"Trout - Rainbow, Frozen",997,551.79,7076.4,6/15/2021,Piotr Chaplyn
Plate Pie Foil,537,920.04,4198.02,5/7/2021,Erena Mackiewicz
"Beef - Rib Roast, Cap On",987,127.15,2489.86,9/2/2021,Agretha Tapin
Pastry - Banana Tea Loaf,242,327.35,5004.75,7/30/2021,Jesse Handke
"Pasta - Penne, Lisce, Dry",285,242.28,7413.13,6/12/2021,Clayton Mulmuray
Beef Dry Aged Tenderloin Aaa,19,904.22,3906.82,5/23/2021,Doy Leitche
Flour Pastry Super Fine,974,510.29,3505.61,12/4/2021,Elton Skally
Nantucket - Pomegranate Pear,395,63.23,1545.97,8/4/2021,Gustavo Bresson
Kolrabi,221,586.76,3421.19,6/12/2021,Heindrick Hutfield
Pastry - Mini French Pastries,939,771.4,3083.94,4/10/2021,Lalo Broke
"Bread - Roll, Whole Wheat",435,572.38,1662.2,7/9/2021,Micheal Hollingshead
Cheese - Shred Cheddar / Mozza,974,823.88,158.46,3/13/2021,Curcio Creboe
Wine - Winzer Krems Gruner,926,186.07,206.67,6/2/2021,Dimitry Madgewick
Durian Fruit,832,658.92,1341.51,12/11/2021,Thorstein Peckham
Wine - Chablis J Moreau Et Fils,687,511.27,5173.43,3/10/2021,Jeddy Ettridge
Lychee,295,319.41,1267.3,5/16/2021,Cobbie Grob
Oil - Peanut,969,279.83,7312.62,1/28/2021,Meredith Pashba
Cookie Trail Mix,380,456.31,6720.66,12/30/2021,Saree Bettenay
"Pasta - Fusili, Dry",677,993.5,82.23,3/25/2021,Larine Scartifield
"Halibut - Whole, Fresh",896,446.79,3150.73,5/6/2021,Hermie Graddon
Marzipan 50/50,582,598.19,2591.82,4/27/2021,Jonas McGonigle
Pasta - Cheese / Spinach Bauletti,893,654.32,4809.64,2/15/2021,Saunders Gaitone
Pizza Pizza Dough,204,144.26,2873.53,4/24/2021,Lindsay Linkin
Cabbage - Nappa,570,157.04,3952.16,10/5/2021,Hallsy McMennum
Syrup - Kahlua Chocolate,371,156.13,9191.91,10/25/2021,Kahlil Roxby
Longos - Chicken Caeser Salad,675,879.96,7852.65,1/29/2021,Nicolea Minet
Rabbit - Frozen,360,214.86,2709.61,10/16/2021,Tresa deKnevet
Lettuce - Lambs Mash,828,28.37,7183.56,2/23/2021,Betsy Binns
"Turkey - Breast, Smoked",989,751.6,5962.36,3/6/2021,Fraser Giddy
Chicken - Tenderloin,739,348.17,5258.97,11/22/2021,Ruben Toynbee
Carrots - Mini Red Organic,423,914.41,6013.11,8/30/2021,Benito Van der Mark
Yukon Jack,919,36.92,4375.6,6/27/2021,Audra Cuesta
"Salt - Rock, Course",455,515.92,8904.63,2/1/2021,Jacqueline Lawrinson
Ice Cream - Turtles Stick Bar,672,282.18,5619.14,12/7/2021,Dulcine Constantine
Ice Cream - Life Savers,629,556.24,1807.9,1/29/2021,Laina Mumbray
Garlic - Peeled,496,409.89,604.78,5/22/2021,Arlette Rippin
Broom - Corn,663,867.11,2298.84,8/16/2021,Inessa McRobbie
Potatoes - Idaho 100 Count,825,582.25,4820.67,4/26/2021,Tomi Uman
"Soup - Campbells, Cream Of",954,638.31,3989.36,5/2/2021,Marnie Gulc
Beets,849,956.17,9581.8,9/22/2021,Thorin Bohlin
Plate Foam Laminated 9in Blk,701,446.33,5190.12,9/11/2021,Todd Rustich
Coffee - Cafe Moreno,70,142.3,2921.36,5/23/2021,Delila Goadbie
Puree - Guava,548,513.21,2265.15,7/26/2021,Annabella Occleshaw
Lettuce - Escarole,460,232.38,5697.81,4/13/2021,Rivi Michelin
Pastry - Apple Large,614,246.71,9091.77,10/18/2021,Dominica Greenin
Wine - Red Oakridge Merlot,469,406.6,7917.81,1/14/2021,Gypsy Rhodus
Cheese Cloth No 60,749,868.35,9873.48,8/18/2021,Ursulina Castagneto
Maple Syrup,50,924.89,6312.39,9/9/2021,Collette Holburn
Soap - Pine Sol Floor Cleaner,720,903.7,8998.67,11/7/2021,Drugi Pitrasso
Lettuce - Frisee,415,57.83,2418.12,9/6/2021,Padget Covington
Ecolab - Ster Bac,730,286.25,1826.0,8/13/2021,Ross Muff
"Red Snapper - Fillet, Skin On",352,432.69,1182.45,2/16/2021,Richmound Orhtmann
"Turkey - Breast, Boneless Sk On",946,86.25,1243.41,10/14/2021,Shalne Briscoe
Fruit Salad Deluxe,705,45.21,2436.34,6/17/2021,Alexis Yankeev
Wine - Spumante Bambino White,37,855.64,341.72,8/9/2021,Esme Dunklee
Bagel - Plain,277,204.5,2130.13,9/6/2021,Anne-corinne Adam
Drambuie,980,594.08,9296.85,9/21/2021,Rozele Teeney
Vanilla Beans,3,229.55,9511.47,7/20/2021,Emmy Velden
Sauce - Roasted Red Pepper,666,737.09,1472.93,3/3/2021,Robinson Bavage
Glycerine,439,613.22,2306.45,3/13/2021,Silvan Vicar
"Soup - Campbells, Spinach Crm",846,349.57,7179.91,1/5/2021,Cirillo Padginton
Sesame Seed Black,429,625.1,1906.6,2/9/2021,Ardisj Casin
"Veal - Round, Eye Of",279,491.69,6015.6,8/28/2021,Jarret Dinis
"Bread - Dark Rye, Loaf",372,199.29,8871.85,1/8/2021,Alvy Vasyushkhin
Wine - Semi Dry Riesling Vineland,53,771.41,8966.92,12/21/2021,Andras De Stoop
Plasticforkblack,323,224.69,3635.84,2/1/2021,Brion Rea
"Nut - Pistachio, Shelled",483,338.18,2321.0,6/7/2021,Ed O'Heffernan
Cookie Dough - Peanut Butter,684,71.43,2158.05,4/22/2021,Imojean Heeps
Foam Cup 6 Oz,503,773.9,2731.39,11/6/2021,Baryram Maty
Creme De Menthe Green,98,480.75,436.43,9/25/2021,Michelina Silverlock
Worcestershire Sauce,866,774.97,9545.8,1/19/2021,Una Bicker
Filling - Mince Meat,205,742.49,6217.79,10/4/2021,Pauli Hughlock
Gingerale - Diet - Schweppes,155,6.25,5829.31,3/9/2021,Bradley Glasspool
"Veal - Shank, Pieces",25,328.21,3433.74,6/1/2021,Mord Hamsley
Sobe - Liz Blizz,404,460.46,3907.21,12/17/2021,Richie Gosnoll
Flavouring - Orange,241,844.51,3215.35,9/20/2021,Charley Bridgwood
Garlic,796,912.49,820.4,4/1/2021,Brooks Pottery
Juice - Prune,164,761.49,5460.76,7/14/2021,Leo Watkiss
Tea - Grapefruit Green Tea,294,347.8,5750.26,8/14/2021,Tommie Debnam
Beef - Top Butt Aaa,758,570.11,4703.46,1/15/2021,Nelson Bauer
Blue Curacao - Marie Brizard,696,530.23,5427.16,11/21/2021,Dom Woodard
Arizona - Green Tea,448,634.9,9628.59,10/4/2021,Elmo Pressey
Ginger - Crystalized,295,727.66,6360.03,10/17/2021,Denna Millar
Oysters - Smoked,291,831.26,5567.33,9/8/2021,Holly Eastabrook
Cookies Oatmeal Raisin,510,398.35,8484.13,3/17/2021,Lexy Leving
Sauce - Oyster,926,207.48,9635.75,9/22/2021,Jazmin De Goey
Mix Pina Colada,199,450.51,1548.8,11/20/2021,Tresa Belt
Buffalo - Tenderloin,111,749.17,1091.8,9/23/2021,Dorrie Naile
Beef - Ox Tongue,937,701.49,3241.84,10/3/2021,Donnamarie Sapwell
"Bar Mix - Pina Colada, 355 Ml",408,638.4,2328.07,7/29/2021,Louis Portigall
"Cheese - Brie, Cups 125g",56,889.99,749.12,2/16/2021,Livy Sissons
Cookie Dough - Double,966,599.25,1138.13,11/15/2021,Basilius Cowin
Pimento - Canned,934,79.69,2995.46,1/8/2021,Barris Stonhouse
Tea - Lemon Green Tea,657,127.75,2510.48,8/24/2021,Teodorico Corkish
Beef - Salted,235,279.69,9524.53,2/18/2021,Onfre Jaume
Wine - Taylors Reserve,533,269.71,5285.74,2/27/2021,Christy Jaquet
Bar Special K,288,113.65,7934.35,10/2/2021,Vivyanne Jewkes
Scotch - Queen Anne,72,468.3,7918.4,9/8/2021,Eleanore McGilroy
Wine - Beaujolais Villages,958,94.16,3226.62,2/8/2021,Walliw Haburne
Parasol Pick Stir Stick,818,52.1,1078.37,3/31/2021,Cori Overy
"Lamb - Racks, Frenched",380,784.04,2319.1,5/19/2021,Renee Brinkler
Soy Protein,336,272.98,6881.59,3/31/2021,West Brolly
"Split Peas - Green, Dry",94,684.23,5713.4,4/3/2021,Brewster Hookes
Cocoa Feuilletine,228,55.49,544.58,5/6/2021,Luis Pace
"Veal - Chops, Split, Frenched",665,46.09,4632.02,2/8/2021,Rozamond Dulin
Kellogs Cereal In A Cup,19,284.12,7188.08,10/3/2021,Karry Potkins
Wine - Ej Gallo Sierra Valley,527,903.4,7142.3,12/22/2021,Harlen Snowding
Chocolate Bar - Reese Pieces,960,350.31,5906.32,10/19/2021,Celina Kopman
Soup - Chicken And Wild Rice,632,256.75,4377.64,11/20/2021,Hinda Frost
Squeeze Bottle,198,402.64,5897.61,2/2/2021,Kendall Rawdales
Muffin - Bran Ind Wrpd,114,332.81,3882.41,9/17/2021,Hill Kastel
Chocolate - Liqueur Cups With Foil,549,150.88,5245.0,7/7/2021,Marita Fowgies
Silicone Paper 16.5x24,791,904.13,1385.27,3/8/2021,Clair Peiro
Lighter - Bbq,861,828.8,3089.71,1/25/2021,Verene Flanagan
Pastry - Baked Scones - Mini,842,557.71,5181.55,10/17/2021,Clari Aronowitz
Broom - Angled,755,114.54,4712.66,5/2/2021,Ravid Fishenden
Ecolab Crystal Fusion,320,255.19,1880.36,12/3/2021,Stanford Roubay
Sauce - Vodka Blush,626,685.44,968.26,12/23/2021,Kynthia Tildesley
"Extract - Vanilla,artificial",563,503.47,3484.55,5/3/2021,Tobiah Patrick
Sauce - Caesar Dressing,884,249.64,2391.15,7/7/2021,Corly Dursley
Water - Evian 355 Ml,505,678.91,7136.14,1/1/2021,Rudd Shrimpton
Beef - Tender Tips,913,30.73,6486.02,8/31/2021,Britt Natalie
Veal - Insides Provini,250,626.8,87.62,5/12/2021,Samuel Haddow
Soup - Campbells Mac N Cheese,441,911.8,6758.49,7/26/2021,Boone Waldren
Tomato - Green,225,362.13,1701.82,5/22/2021,Bride Darridon
Cookie Double Choco,453,195.69,7785.88,3/5/2021,Cynthie Crinage
Rice Wine - Aji Mirin,394,261.55,8955.54,10/3/2021,Linnet Watton
Ecolab Silver Fusion,568,653.63,2360.88,7/30/2021,Robbie Krauze
Creme De Cacao White,21,786.81,4305.92,8/15/2021,Sophie Sieve
Sobe - Tropical Energy,409,562.38,4665.6,8/10/2021,Trixy Di Bernardo
Apples - Spartan,636,112.79,8797.82,4/30/2021,Willyt Byrkmyr
"Napkin - Beverge, White 2 - Ply",333,568.02,8411.53,8/25/2021,Abbot Lund
"Yogurt - Blueberry, 175 Gr",65,964.2,4685.7,6/28/2021,Howie Heeley
Longos - Grilled Chicken With,348,142.37,5439.89,9/15/2021,Peyton Carlick
Lambcasing,838,373.76,1181.4,5/14/2021,Knox Busch
Cookie Dough - Chunky,326,990.35,1846.34,11/22/2021,Biron Gaddesby
Flour Pastry Super Fine,477,513.24,1475.47,10/22/2021,Kelwin Stanhope
"Star Anise, Whole",60,253.25,4389.33,8/19/2021,Agace Mouncey
Lettuce - Treviso,624,936.94,2401.13,8/5/2021,Gaby Auchterlony
Sauce - Hoisin,152,290.31,3976.24,9/6/2021,Leroy Raffles
Kolrabi,39,135.23,4021.17,5/28/2021,Adolpho Tregido
Whmis Spray Bottle Graduated,57,600.66,2112.54,2/1/2021,Ambrosius Balchen
Ham - Cooked Italian,119,142.47,2508.42,6/29/2021,Tracie Attaway
Spinach - Spinach Leaf,630,45.98,1105.81,5/6/2021,Verne Scollan
Crab - Meat Combo,473,405.81,6445.79,4/28/2021,Niki Beinisch
Clams - Bay,248,411.92,5991.62,1/25/2021,Evered Arndt
Pork - Belly Fresh,372,252.42,2007.63,12/9/2021,Curtis Di Ruggiero
Pork - Backfat,534,786.33,3106.69,6/18/2021,Nellie Cone
Beef - Top Butt,864,71.19,9051.94,9/5/2021,Philis Tear
"Pasta - Lasagna Noodle, Frozen",966,44.22,105.4,12/29/2021,Rana Oneil
Chocolate - Milk,58,240.59,4905.1,12/26/2021,Diandra Hannond
Spinach - Spinach Leaf,327,114.85,2922.3,2/19/2021,Nydia Gull
French Pastries,50,575.26,2103.64,6/25/2021,Prinz Navaro
Bar - Granola Trail Mix Fruit Nut,960,546.53,6835.12,12/27/2021,Tatum Duncanson
Cucumber - Pickling Ontario,56,809.88,7132.39,7/19/2021,Nataniel Mewburn
Pan Grease,884,962.45,5409.09,6/25/2021,Ondrea Paler
Pie Pecan,170,891.46,3686.0,9/29/2021,Evelyn Hosier
Potatoes - Mini White 3 Oz,781,478.37,7057.71,5/29/2021,Bord Groucock
Hersey Shakes,855,25.2,9296.56,7/9/2021,Rooney Readwing
Chocolate - Dark,405,309.62,7804.92,4/30/2021,Tabby Durbann
Cabbage - Red,31,14.68,8730.26,6/15/2021,Clovis Gurys
Anchovy In Oil,755,102.45,3871.28,9/5/2021,Elie Maggs
Truffle - Whole Black Peeled,863,843.16,7283.87,9/13/2021,Clerc Rodgier
Apples - Spartan,227,700.57,177.93,10/30/2021,Nikolaos Fownes
Vegetable - Base,746,595.55,2188.47,3/7/2021,Barbabra Bondar
Steampan - Half Size Shallow,726,428.77,2743.25,12/1/2021,Emiline Brazear
Vinegar - Raspberry,540,225.38,842.29,5/16/2021,Serene Kipling
Chips - Doritos,594,604.76,8039.67,7/6/2021,Teressa Antonsson
"Mushroom - Oyster, Fresh",32,992.3,195.79,4/1/2021,Banky Baroc
Wine La Vielle Ferme Cote Du,528,386.02,753.88,7/31/2021,Bessy Kolakovic
Blouse / Shirt / Sweater,635,774.4,4997.93,9/20/2021,Bibbie Farfoot
Wine La Vielle Ferme Cote Du,246,309.63,2128.0,8/26/2021,Dominik Chrispin
"Basil - Primerba, Paste",307,371.37,9770.22,10/13/2021,Charmion Copplestone
Nantuket Peach Orange,782,156.51,2686.35,4/18/2021,Thibaud Darker
"Coconut - Shredded, Sweet",121,869.9,348.68,9/16/2021,Annabal Berresford
"Rum - Cream, Amarula",60,648.37,2112.46,7/23/2021,Wilona Lindemann
Bread - Raisin Walnut Pull,404,503.19,3847.46,11/5/2021,Land Iveans
"Tuna - Canned, Flaked, Light",440,206.64,8618.92,1/15/2021,Aldin Geffe
Banana,927,335.95,3656.35,6/28/2021,Shannon Yankishin
Trout Rainbow Whole,356,403.71,3519.22,1/11/2021,Barnett Ganford
Wine - Maipo Valle Cabernet,16,602.47,847.18,1/12/2021,Brittany Tomasi
Cookies Cereal Nut,126,631.76,7438.03,10/7/2021,Jesselyn Chastenet
Liners - Baking Cups,580,21.99,916.25,2/5/2021,Jazmin Cavozzi
Arrowroot,228,302.53,6503.34,2/2/2021,Ronny Evemy
Table Cloth 90x90 Colour,465,384.07,1451.99,8/18/2021,Fawne Laydel
Oven Mitts - 15 Inch,700,768.83,7840.64,10/5/2021,Bobbye Rodolico
Lemon Balm - Fresh,3,939.6,4355.21,2/9/2021,Wittie Risbrough
Halibut - Fletches,834,138.36,144.24,3/21/2021,Debi Baldam
Pepper - Green,400,146.53,905.82,1/8/2021,Melba Diment
Pepper - Red Thai,18,271.76,1686.41,1/1/2021,Hale Jursch
Pate - Peppercorn,474,54.91,1312.97,6/21/2021,Averil MacGiany
Chickensplit Half,575,584.35,9233.59,7/3/2021,Irene Ankers
Chocolate - Sugar Free Semi Choc,424,877.3,4176.75,8/23/2021,Ira Coltart
Flounder - Fresh,284,76.66,11.59,3/25/2021,Mirelle Dorwood
Frangelico,349,48.77,7390.22,2/2/2021,Devora Engelmann
Juice - Cranberry 284ml,863,719.23,8134.99,1/20/2021,Nariko Withnall
"Basil - Dry, Rubbed",402,593.77,1900.55,5/13/2021,Corney Mynard
"Cup - 6oz, Foam",237,996.52,5423.56,3/25/2021,Donielle Hubble
"Juice - Cranberry, 341 Ml",187,513.62,1400.39,6/23/2021,Virge Mallock
Puree - Kiwi,346,883.03,9523.14,8/10/2021,Norrie Edden
Juice - Propel Sport,736,236.24,7420.66,5/9/2021,Clyve Sings
"Wine - Red, Wolf Blass, Yellow",168,595.6,9913.17,10/7/2021,Poul Yuryev
Sauce - Hp,758,680.45,5646.5,10/13/2021,Liva Rapson
Wine - Lamancha Do Crianza,516,358.32,6958.01,12/22/2021,Jessi Sparke
Table Cloth 91x91 Colour,327,24.96,4117.78,4/13/2021,Muriel Sleight
Coriander - Ground,571,197.05,7714.74,10/20/2021,Zechariah Blower
Aspic - Amber,42,479.63,984.67,8/20/2021,Tarah Garrals
Yeast Dry - Fermipan,824,497.91,67.65,1/13/2021,Odell Austins
Cassis,43,641.6,8131.19,7/16/2021,Cello Cattemull
Napkin Colour,572,272.19,4399.75,5/4/2021,Rip Robiot
Brandy - Bar,214,591.97,701.8,4/11/2021,Idalia Bridgewater
Wine - Prosecco Valdobienne,74,826.64,8633.66,1/26/2021,Gordy Cubbin
Longos - Cheese Tortellini,951,65.76,9515.76,5/4/2021,Hulda Gavaghan
Tomatoes Tear Drop,637,919.87,6262.71,9/22/2021,Augustina Hartegan
Mousse - Passion Fruit,510,188.14,1789.79,6/28/2021,Nappy Reeves
Cheese - Provolone,475,351.46,1658.27,9/21/2021,Sapphira Moncrieffe
Wine - Sogrape Mateus Rose,20,868.22,2996.26,12/7/2021,Reine Behrendsen
Paper Cocktail Umberlla 80 - 180,365,754.42,7489.6,2/11/2021,Rafaelia Roydon
Lotus Rootlets - Canned,399,116.88,7667.7,7/3/2021,Renaldo Pitcaithley
Sprouts - China Rose,900,531.27,8052.87,5/25/2021,Tilda Royds
Pork - Inside,126,422.13,3343.72,2/8/2021,Darelle Scammell
Tumeric,295,788.46,4840.87,4/16/2021,Eryn Fleckno
Daves Island Stinger,15,121.34,931.74,4/20/2021,Roselle Rome
Bread Base - Gold Formel,974,953.93,5312.12,5/13/2021,Ricki Mangenet
Truffle - Whole Black Peeled,316,122.37,5816.35,12/21/2021,Reba Weldon
Mayonnaise,389,188.94,7360.45,4/22/2021,Jo ann Nowell
Banana - Green,237,653.36,6282.56,4/16/2021,Eugen Franies
"Yogurt - Cherry, 175 Gr",714,45.41,8218.18,12/16/2021,Hernando Turbitt
French Pastry - Mini Chocolate,133,378.69,8639.38,10/18/2021,Killie Monery
Mustard - Seed,503,901.96,7136.03,5/21/2021,Stanford Stollwerck
"Butter - Salted, Micro",889,207.12,2392.55,6/6/2021,Frieda Arends
"Yogurt - Peach, 175 Gr",393,247.84,3573.33,9/23/2021,Catriona Carlos
Wine - Taylors Reserve,157,581.11,9216.89,7/5/2021,Granville Del Dello
Blackberries,498,355.44,5634.89,8/21/2021,Doti Meneely
Appetizer - Asian Shrimp Roll,925,303.47,8300.65,6/13/2021,Rina Earl
"Soup - Campbells, Beef Barley",459,304.74,5178.45,11/6/2021,Christabella Heaphy
Cod - Black Whole Fillet,165,433.74,3704.45,6/3/2021,Ban Jolly
Energy - Boo - Koo,812,154.21,1014.76,6/20/2021,Joan Dumphrey
Corn Shoots,605,864.34,7513.41,1/9/2021,Eula Ambrogi
"Trout - Hot Smkd, Dbl Fillet",879,538.52,3854.29,6/2/2021,Constantine Ronnay
Glucose,287,269.45,6727.9,2/11/2021,Elwin Izakson
Tart - Raisin And Pecan,619,639.74,9050.94,8/11/2021,Renie Dahlberg
Brandy Apricot,728,461.45,114.67,10/7/2021,Flora Fawley
Pork Ham Prager,788,302.92,1583.33,12/17/2021,Garrik Kield
Garlic - Elephant,468,884.91,175.73,7/28/2021,Cherye Bellie
Chips - Doritos,880,610.92,290.05,12/17/2021,Catrina Durie
Cookies - Englishbay Oatmeal,931,141.77,4819.64,4/22/2021,Nissa Dunlop
Dehydrated Kelp Kombo,17,600.29,1120.62,1/30/2021,Olia Burdell
"Nestea - Ice Tea, Diet",206,265.86,1590.97,12/14/2021,Dick Espley
"Nut - Cashews, Whole, Raw",896,999.22,8461.12,7/1/2021,Jolyn Stubbings
Pepper - Jalapeno,519,729.36,3290.43,6/10/2021,Goraud Carlesso
Country Roll,494,734.78,6198.48,4/15/2021,Emmanuel MacAlester
Potato - Sweet,367,760.17,5433.14,9/3/2021,Essa Andras
Appetizer - Mango Chevre,256,353.59,3335.49,4/19/2021,Moreen Calendar
Shrimp - Black Tiger 26/30,343,656.1,3289.56,5/15/2021,Gearard Hubber
Beef - Ground Medium,83,453.36,7396.93,9/12/2021,Sam Tafani
Beer - Blue,364,946.83,2596.82,9/6/2021,Merle Streeting
Scallops - U - 10,358,867.62,5741.96,12/4/2021,Ives Halpin
Juice - Happy Planet,400,306.77,7382.51,6/21/2021,Curry Tenney
Cheese - Fontina,137,392.49,7625.41,10/1/2021,Bridgette Leggen
Wine - Valpolicella Masi,866,22.76,9115.09,11/9/2021,Rusty Dickerson
Calypso - Black Cherry Lemonade,187,676.54,1251.86,1/3/2021,Reggis Rickett
Ham Black Forest,348,741.26,4804.08,1/4/2021,Sigismundo Hodgen
Oysters - Smoked,10,910.2,9042.45,8/10/2021,Abbott Wipfler
Cheese - Brick With Pepper,178,704.95,4138.59,9/22/2021,Bald Bedingfield
Tomatoes - Hot House,523,423.95,6889.66,5/4/2021,Burr Jessen
Muffin Mix - Oatmeal,300,891.41,9368.41,7/27/2021,Olva Lonie
"Wine - Red, Wolf Blass, Yellow",500,774.99,331.77,2/22/2021,Hope Cromack
Crab - Meat Combo,444,434.09,9763.41,2/21/2021,Gayelord Montrose
Cactus Pads,420,852.11,8361.71,1/4/2021,Perrine Battin
Calvados - Boulard,28,91.79,1386.05,1/6/2021,Chrysler Kurdani
Halibut - Steaks,649,39.91,2094.0,2/12/2021,Aube Marchington
Coffee Swiss Choc Almond,287,551.78,5283.59,12/16/2021,Tudor Hemeret
Sprouts - Baby Pea Tendrils,534,357.95,7583.05,7/4/2021,Pammi Coger
"Corn - Cream, Canned",175,408.48,101.36,11/21/2021,Rozella Wardhaugh
Cheese - Mix,603,88.4,4087.58,12/25/2021,Virgina Lingner
Tuna - Fresh,737,340.57,9566.49,11/14/2021,Simona Capitano
Canada Dry,119,398.79,6332.42,4/6/2021,Lucho McElvine
Scallops - Live In Shell,609,199.07,6876.91,12/5/2021,Anet Treker
"Water - Mineral, Natural",780,434.91,9389.99,2/27/2021,Christie Owbrick
Kumquat,201,714.99,9659.21,3/7/2021,Manny Maudson
Pie Shell - 9,895,219.64,9098.11,3/31/2021,Sabine Fillery
"Red Snapper - Fresh, Whole",577,704.84,6793.34,6/10/2021,Harmony Pohls
Juice - Ocean Spray Kiwi,906,43.96,4275.62,6/5/2021,Buck Aimeric
Persimmons,699,215.09,4902.66,8/31/2021,Anderson Bowsher
Island Oasis - Banana Daiquiri,759,276.18,3847.66,2/12/2021,Franklyn Dohr
"Lemonade - Kiwi, 591 Ml",842,404.93,6098.34,9/28/2021,Moyra Jeffery
"Soup - French Onion, Dry",28,961.61,3127.52,9/15/2021,Jorry Sundin
Shrimp - Black Tiger 8 - 12,428,15.68,6810.51,3/25/2021,Jewelle Wandrich
Tea - Camomele,864,123.41,2631.87,11/17/2021,Christina McRuvie
"Doilies - 12, Paper",541,736.42,3278.45,5/18/2021,Kirstyn Tapson
Milk - Skim,279,760.13,1781.25,4/14/2021,Kalle Harbinson
Lettuce - Boston Bib,11,982.02,1412.17,7/25/2021,Garner Matiewe
Fond - Neutral,915,732.01,3282.44,5/31/2021,Francisco Musso
Beer - Paulaner Hefeweisse,56,521.16,370.31,5/21/2021,Christophorus Belton
Beans - Green,97,416.18,6740.27,11/15/2021,Florette Cundict
Bread - Raisin Walnut Pull,708,512.43,7600.82,6/4/2021,Margalo Littlecote
Wine - Gewurztraminer Pierre,986,306.17,8409.89,6/12/2021,Shay Annon
Dry Ice,109,836.96,7779.62,6/26/2021,Charmane McMinn
Plate Pie Foil,238,308.69,7731.96,6/3/2021,Conni Mortimer
Pastry - Butterscotch Baked,207,229.57,6518.93,5/15/2021,Darrel Edmead
Cheese - Gorgonzola,226,710.76,2074.19,10/5/2021,Larina Oslar
Sesame Seed,746,117.86,6894.84,8/28/2021,Benny Kobes
Ham - Virginia,465,271.3,1737.87,8/4/2021,Fred Clear
Monkfish Fresh - Skin Off,197,53.82,4104.89,10/10/2021,Mikkel Rudwell
Flounder - Fresh,133,457.2,8523.46,7/26/2021,Elka Kinny
Salad Dressing,595,425.26,5154.2,3/13/2021,Alli Cleynman
"Coffee - Colombian, Portioned",602,319.32,1067.97,1/14/2021,Evy MacGettigen
"Pasta - Bauletti, Chicken White",70,54.01,6071.34,6/9/2021,Lynnett Gerring
Muskox - French Rack,733,990.35,9596.73,4/6/2021,Skelly Noton
Sobe - Cranberry Grapefruit,519,467.64,1538.22,2/5/2021,Ruy O' Gara
Bread - Dark Rye,462,283.09,4877.28,10/21/2021,Katerina Scatcher
"Beans - Black Bean, Dry",151,864.8,5022.2,3/11/2021,Emile MacAllester
Wine - Redchard Merritt,410,362.22,4095.33,4/23/2021,Daisi Varcoe
Soap - Mr.clean Floor Soap,439,198.44,8442.11,8/10/2021,Ezri Punchard
Pie Shell - 9,983,180.35,3827.43,2/19/2021,Brinna Jore
"Jam - Strawberry, 20 Ml Jar",232,710.75,4938.69,7/3/2021,Linnet Antuoni
Chips - Doritos,494,185.9,8088.03,4/10/2021,Dulce Sackur
Gherkin - Sour,490,567.4,9211.63,12/6/2021,Goldi Thorneywork
"Wine - White, Ej Gallo",332,414.86,2811.37,7/28/2021,Allen Conre
Coffee - 10oz Cup 92961,587,992.34,3392.7,8/28/2021,Malory Guinn
Evaporated Milk - Skim,864,228.97,1681.1,12/27/2021,Tiebout Abrahamsohn
Wiberg Super Cure,966,654.32,9967.93,9/17/2021,Inglis Livezey
Beef - Ox Tongue,340,964.83,4698.77,10/1/2021,Jacqui McIlvenna
Tea - Herbal I Love Lemon,166,781.14,6974.92,3/18/2021,Nikola Noller
Broom - Angled,296,821.29,2192.29,6/29/2021,Cheryl Leethem
Tomatoes - Roma,996,140.44,1325.36,5/27/2021,Rockie Mendez
Wine - Fontanafredda Barolo,868,878.06,2052.08,4/14/2021,Opalina Jammes
Squash - Butternut,78,882.13,6630.16,11/4/2021,Lancelot Scholes
Bananas,908,975.06,6798.73,7/28/2021,Carolyn Papaminas
Steampan - Foil,9,401.53,2179.36,12/23/2021,Brendan Fishpond
"Salt - Rock, Course",322,897.77,1727.78,2/1/2021,Darelle Creany
Wine - Jafflin Bourgongone,777,953.38,2955.27,9/7/2021,Archibold O'Heaney
Sauce - Chili,624,120.36,6117.1,3/22/2021,Christoffer Hoggetts
Crab - Imitation Flakes,526,596.4,1795.51,9/5/2021,Merline Allan
"Doilies - 12, Paper",438,53.76,7175.37,10/3/2021,Binni Staley
Bacardi Breezer - Tropical,937,519.12,5160.95,12/2/2021,Gary Henner
Chocolate - White,813,386.05,8089.49,12/15/2021,Val MacLardie
Oysters - Smoked,736,619.0,3932.14,5/31/2021,Fenelia Reece
Sage - Fresh,474,178.45,6647.16,3/7/2021,Faulkner Ibbitt
Soup - Tomato Mush. Florentine,983,81.26,2963.63,3/30/2021,Gunilla Mallinder
"Wine - Bourgogne 2002, La",871,117.67,125.69,9/20/2021,Farrell Renvoise
"Chicken - Breast, 5 - 7 Oz",703,137.72,8900.29,1/16/2021,Boy Rizzolo
Herb Du Provence - Primerba,347,999.8,7464.79,11/17/2021,Tammara Goligher
Whmis Spray Bottle Graduated,213,992.95,6087.76,12/28/2021,Corabel Manuel
Macaroons - Two Bite Choc,825,636.45,1168.89,11/17/2021,Brod Font
"Pasta - Fusili, Dry",768,423.39,5834.34,5/1/2021,Tarah Neave
Wine - Chardonnay South,870,948.05,4007.59,3/25/2021,Randy Swansbury
Pheasants - Whole,580,896.36,2725.73,4/25/2021,Bernelle Dusting
Cheese Cheddar Processed,594,777.35,826.21,1/7/2021,Linea Dobie
Extract - Raspberry,416,133.79,6966.17,6/2/2021,Larina Royal
"Split Peas - Yellow, Dry",574,859.66,8418.57,5/21/2021,Ring Tees
Cup - Paper 10oz 92959,737,393.12,8565.08,8/23/2021,Virgilio Circuitt
Tea Peppermint,980,33.1,4782.2,8/25/2021,Burnaby Carcass
Kellogs Raisan Bran Bars,67,806.07,1349.45,1/5/2021,Ange Lohrensen
Raspberries - Frozen,453,56.4,7252.27,2/27/2021,Jarad Blogg
Plums - Red,941,778.39,5140.59,11/3/2021,Skippy Shalliker
Bread - Sour Sticks With Onion,957,633.42,3449.65,5/11/2021,Sonja Ellams
"Pineapple - Canned, Rings",626,25.11,3503.1,7/7/2021,Elliot Rawstorne
Wine - Vidal Icewine Magnotta,999,898.3,163.9,1/17/2021,Augusto Mayger
"Yogurt - Blueberry, 175 Gr",228,883.24,419.1,6/21/2021,Annabela Nottram
"Beer - Alexander Kieths, Pale Ale",784,161.14,9720.08,3/25/2021,Glyn Espinos
Country Roll,407,255.03,996.27,7/26/2021,Brandice Vanns
"Bread - Dark Rye, Loaf",600,73.23,5336.91,3/24/2021,Ingeberg Sherrell
Bols Melon Liqueur,961,63.06,8352.18,12/11/2021,Nahum Acres
Crab - Soft Shell,272,348.77,4628.84,1/21/2021,Barbette Capehorn
Mushroom - Lg - Cello,100,745.02,3778.87,4/7/2021,Edmund Gawler
Onions - Vidalia,14,370.84,2059.22,9/24/2021,Perla Wringe
Cookies Oatmeal Raisin,812,962.33,3703.76,2/9/2021,Amble Maiklem
"Soda Water - Club Soda, 355 Ml",328,213.36,1360.45,11/23/2021,Kele Rand
Rootbeer,644,957.7,5193.59,3/16/2021,Evin McGriffin
"Sugar - Brown, Individual",737,298.65,7581.93,10/7/2021,Karole Lamonby
Milk - Condensed,400,696.23,4254.62,10/15/2021,Keelia Varran
"Tortillas - Flour, 10",14,2.46,7954.22,8/31/2021,Kenny Kinnen
Vinegar - Cider,966,603.88,3482.03,2/14/2021,Janenna Cronchey
"Bread - Crumbs, Bulk",28,958.72,1143.4,4/1/2021,Coleman Faudrie
Pail For Lid 1537,593,295.75,2455.89,10/21/2021,Alicea Southerton
Scallops - 10/20,385,846.08,3597.38,3/31/2021,Katie Knightly
Curry Powder Madras,466,931.49,8145.12,4/12/2021,Tawnya MacGiany
Carbonated Water - Blackcherry,391,791.48,396.1,9/10/2021,Alexine Tams
Wine - Merlot Vina Carmen,499,908.72,5210.84,9/13/2021,Madonna Vescovini
Corn Syrup,110,771.19,2211.63,4/14/2021,Sunny Lane
Puff Pastry - Sheets,185,677.86,2326.95,4/3/2021,Emiline Kyston
Basil - Thai,408,67.39,1164.4,3/20/2021,Lawton McLeoid
Salmon Atl.whole 8 - 10 Lb,559,681.23,5657.52,7/14/2021,Tandy Wathall
Sauce - Thousand Island,245,44.99,1511.06,10/16/2021,Estrellita Phant
Mahi Mahi,613,395.03,5992.98,11/11/2021,Shermie Cornbill
"Capon - Breast, Wing On",52,93.23,8654.41,11/12/2021,Jordan Grabiec
Pie Shell - 9,963,196.32,2532.78,7/19/2021,Sullivan Paler
"Soup - Campbells, Classic Chix",626,450.03,8624.03,5/15/2021,Julietta Golds
Mushroom - Crimini,607,631.97,7242.16,1/17/2021,Hannie Burdell
"Basil - Dry, Rubbed",669,610.96,6015.42,1/14/2021,Zoe Cartwright
Chicken - Whole Fryers,420,730.23,4630.2,1/3/2021,Sibyl Fiorentino
"Jam - Blackberry, 20 Ml Jar",485,75.06,4152.79,3/7/2021,Sallie Pashbee
Banana - Green,721,781.44,6568.07,8/24/2021,Maegan Hasney
Onions - Vidalia,624,366.99,2104.33,7/15/2021,Nollie Losseljong
Parsley - Fresh,852,372.69,4381.16,9/24/2021,Gunter McClintock
Squash - Guords,751,378.43,2908.8,11/12/2021,Joscelin Drabble
Sausage - Andouille,489,207.23,3651.66,12/17/2021,Dorrie Juliano
Calypso - Strawberry Lemonade,822,753.58,2322.45,5/8/2021,Courtnay Attrie
Muffin - Bran Ind Wrpd,990,488.2,8020.09,9/30/2021,Gussie Pulbrook
Apples - Spartan,906,718.48,9216.63,4/24/2021,Leese Arnao
"Cheese - Cheddar, Mild",432,629.15,6047.15,9/26/2021,Babita Yoslowitz
Sour Puss Sour Apple,280,953.75,2712.64,1/3/2021,Bear Todaro
Molasses - Fancy,208,839.41,8625.18,7/20/2021,Erich Whimp
"Coconut - Shredded, Unsweet",263,485.31,3965.25,2/10/2021,Rosemonde Howarth
Lobster - Tail 6 Oz,38,287.09,9951.37,10/24/2021,Gabriello Peeke
Persimmons,445,232.51,5895.67,9/27/2021,Jasper St Ange
Laundry - Bag Cloth,426,23.13,9537.4,6/8/2021,Karney Ertel
Puff Pastry - Slab,813,864.53,598.76,1/9/2021,Dosi Platfoot
Vinegar - Sherry,316,674.4,4425.33,8/31/2021,Iseabal Kynson
Sansho Powder,998,375.38,6817.7,9/13/2021,Timotheus Larmet
Oil - Safflower,896,945.93,9885.86,6/16/2021,Jeremie Iskower
Wine - Manischewitz Concord,483,736.99,6552.99,8/29/2021,Abbott MacKellar
Corn Syrup,465,626.47,6875.12,8/2/2021,Feliza Riping
The Pop Shoppe - Lime Rickey,43,198.57,4460.75,11/28/2021,Derwin Scherer
Muffin - Mix - Bran And Maple 15l,195,855.47,2515.63,9/13/2021,Aharon Annandale
Ezy Change Mophandle,335,323.73,3466.5,6/26/2021,Sauncho Fremantle
Pear - Packum,594,254.4,167.59,3/26/2021,Brandon Kubyszek
Wine - Guy Sage Touraine,282,696.11,1229.41,2/8/2021,Milty Willatts
Squash - Butternut,89,218.41,5251.48,8/17/2021,Iormina Edward
"Chocolate - Semi Sweet, Calets",471,655.05,8349.59,6/4/2021,Antonetta Stranio
Wine - Alsace Gewurztraminer,341,539.64,2436.12,8/27/2021,Silvio Scarce
Beer - Muskoka Cream Ale,742,38.95,7111.05,6/30/2021,Gayleen Drinkel
"Salmon - Atlantic, No Skin",300,939.39,8281.08,8/3/2021,Junia Tiuit
Table Cloth 90x90 Colour,682,14.82,6397.51,3/27/2021,Wally Candey
Wine - Rubyport,869,661.56,5624.92,4/1/2021,Wilhelmina Seldner
Grapes - Green,633,702.59,925.79,5/24/2021,Rhodia Paladino
Nut - Macadamia,284,303.66,1516.57,6/19/2021,Deina Moloney
Higashimaru Usukuchi Soy,537,133.47,2288.83,10/28/2021,Stafani Sandlin
Fiddlehead - Frozen,446,689.49,2961.74,9/21/2021,Bonita Wogan
Spinach - Baby,861,865.03,6235.61,4/30/2021,Berton Arnholz
Beer - Molson Excel,784,307.46,3253.13,1/23/2021,Tabb Baake
Cabbage - Green,397,259.53,322.2,1/31/2021,Alister Lessmare
Apricots - Dried,361,710.92,2730.32,3/26/2021,Myrtice Davinet
Mahi Mahi,541,253.96,5249.64,12/20/2021,Bone Tower
Cookies Oatmeal Raisin,691,524.15,1508.79,1/28/2021,Roxane Backes
"Soup - Campbells, Lentil",553,499.55,7896.44,8/12/2021,Blake Griswood
Banana - Leaves,971,209.43,5742.57,2/9/2021,Alfy Heigho
"Juice - Orange, 341 Ml",11,392.32,8534.47,1/26/2021,Niven Monelle
Veal Inside - Provimi,284,66.72,2615.68,10/14/2021,Pammie Kitlee
Liners - Baking Cups,843,180.68,4939.56,8/11/2021,Mahmud Rosenstiel
Cookies - Assorted,825,682.52,1332.14,8/31/2021,Rachel O' Dornan
Wine - Beringer Founders Estate,299,116.41,4078.95,5/22/2021,Hannis Jado
Beef - Top Sirloin - Aaa,544,793.1,2346.5,7/13/2021,Clotilda Hayselden
Burger Veggie,646,199.04,9939.09,5/9/2021,Penny Grinyakin
Chocolate Eclairs,737,755.38,755.96,12/23/2021,Emalee Redshaw
"Juice - V8, Tomato",584,371.21,7729.56,10/26/2021,Katrina Dicte
Cassis,483,447.23,1476.76,12/30/2021,Carver McCluney
"Turkey - Breast, Boneless Sk On",821,483.42,9574.74,7/7/2021,Timmie Addicott
Juice - Orange,778,898.58,2029.02,9/6/2021,Shelden Busby
"Juice - Tomato, 10 Oz",62,345.15,9735.24,6/7/2021,Bowie Attenbrough
Sugar - Brown,855,375.14,6530.33,3/25/2021,Hazel Hendrickx
Icecream Bar - Del Monte,981,761.45,8348.21,2/10/2021,Alleyn Latter
Peppercorns - Pink,663,536.42,7655.61,1/26/2021,Annmarie Blaby
Port - 74 Brights,619,439.05,5399.5,5/4/2021,Darrell Doull
Greens Mustard,548,697.21,6390.11,10/3/2021,Aguie Ownsworth
Energy Drink Bawls,64,558.53,4.14,9/2/2021,Valentin Petegrew
"Tomatoes - Plum, Canned",319,68.03,535.63,9/19/2021,Norine Milmoe
Cheese - Fontina,489,673.7,8345.91,11/2/2021,Fonsie Guinery
Sausage - Chorizo,242,387.92,2127.08,2/27/2021,Cass Janas
Beets - Mini Golden,290,42.75,8858.27,8/21/2021,Britney Duncklee
Wine - Black Tower Qr,44,322.0,4734.76,2/15/2021,Rosabella Athow
Nantucket - Pomegranate Pear,400,287.94,6884.91,3/9/2021,Hanson Birts
"Brandy - Orange, Mc Guiness",240,607.14,5448.81,12/26/2021,Kayne Piggford
Food Colouring - Red,562,925.21,4582.41,9/29/2021,Sayers MacVay
Coffee Swiss Choc Almond,590,355.05,2465.36,3/27/2021,Elsey Coneley
"Pasta - Fett Alfredo, Single Serve",731,63.56,7514.24,9/5/2021,Buiron Townsley
Soup - Campbells Asian Noodle,42,628.49,4346.07,8/24/2021,Tiertza Jaze
"Wine - Saint - Bris 2002, Sauv",240,161.39,8893.05,3/31/2021,Dorrie Volonte
Lemon Pepper,312,141.65,976.46,4/25/2021,Jenn Faulo
Turkey - Ground. Lean,169,684.11,6614.66,12/16/2021,Hastie Fullylove
Relish,212,777.45,4051.15,6/12/2021,Syd Lassell
Muffin Batt - Carrot Spice,249,816.79,9451.51,10/15/2021,Lisha Boom
Grapes - Black,178,45.99,1452.58,5/31/2021,Marc Hawken
Aspic - Clear,90,616.84,7935.11,5/17/2021,Amalia Tippetts
Creme De Cacao Mcguines,902,549.72,4466.63,10/15/2021,Scotti de Courcey
Compound - Pear,759,128.03,6245.93,2/6/2021,Krystalle Connew
Salt And Pepper Mix - White,443,819.07,6041.36,5/27/2021,Tiena Hatchman
Pie Filling - Apple,331,716.46,8219.3,12/14/2021,Evonne Kempster
Wine - Sauvignon Blanc,73,528.28,7745.21,10/7/2021,Gradeigh Spilisy
"Wine - Red, Gamay Noir",238,473.52,49.52,1/19/2021,Concordia Briston
Tomatillo,354,352.3,7273.67,1/12/2021,Cesya Jozef
Cake - Pancake,949,821.8,79.03,7/5/2021,Brittany Van Halle
Lamb - Bones,852,748.39,8615.98,8/6/2021,Llywellyn Ord
Kellogs Cereal In A Cup,653,173.98,9009.63,9/12/2021,Caril Dumelow
Hagen Daza - Dk Choocolate,229,387.74,9260.69,2/7/2021,Michal Normavill
Coconut - Whole,384,578.96,4189.47,2/24/2021,Kele Fitkin
Veal - Insides Provini,979,734.88,9110.6,11/29/2021,Dorella Fetherstan
Cafe Royale,12,370.79,59.74,11/7/2021,Eddie Reisen
Carbonated Water - Raspberry,166,458.51,5835.55,1/22/2021,Marice Callister
Island Oasis - Mango Daiquiri,560,579.77,6915.22,8/30/2021,Janetta Yeardsley
Lamb - Loin Chops,121,304.48,5152.18,1/10/2021,Davie Deakins
Mahi Mahi,544,498.04,1557.91,2/14/2021,Lulu Slocumb
Broom And Broom Rack White,136,332.75,1236.79,12/8/2021,Rafaela Farmar
Apricots Fresh,43,104.97,8180.72,5/16/2021,Sully Lankford
"Cherries - Maraschino,jar",39,664.0,7488.74,4/5/2021,Gene Keasy
"Sauce - Soya, Dark",927,896.43,2260.07,3/1/2021,Bethina Mees
Garbage Bags - Clear,487,456.01,5619.31,12/27/2021,Robbie Stemp
Sobe - Orange Carrot,600,804.23,5979.53,11/30/2021,Lise Ghelardi
Foie Gras,709,417.41,1047.58,5/3/2021,Tandie Itskovitz
Juice - Ocean Spray Kiwi,599,948.86,4044.76,4/23/2021,Torey Hatley
"Salsify, Organic",201,643.11,166.76,5/13/2021,Hurleigh Cosker
"Tart Shells - Sweet, 2",994,183.1,5909.18,12/25/2021,Alastair Macey
Turnip - Wax,202,2.51,5425.4,12/28/2021,Aldridge Colombier
"Soup - Campbells, Spinach Crm",813,457.75,3986.7,7/27/2021,Trenna Van Hesteren
Table Cloth 62x120 Colour,54,394.06,5918.47,1/27/2021,Giralda Smithyman
Puree - Mango,191,82.35,8753.76,9/6/2021,Shirleen Pond
Cheese - Le Cheve Noir,913,383.24,5145.61,4/16/2021,Kania Louis
Puree - Guava,410,61.47,7184.85,2/27/2021,Emerson Kondratenya
Bread Country Roll,821,157.35,1842.75,2/20/2021,Oswald Phlipon
Eel - Smoked,714,612.92,4963.69,2/23/2021,Kirk Fortye
Beef Flat Iron Steak,83,947.04,1902.65,10/9/2021,Quinn Wildman
"Tortillas - Flour, 12",746,558.35,3683.29,1/12/2021,Lyndell Lebond
Island Oasis - Cappucino Mix,489,877.15,4399.16,11/1/2021,Berry Cordy
Coffee - Flavoured,553,326.09,5421.33,5/30/2021,Melitta McCahill
Beans - Kidney White,347,661.81,8267.36,11/22/2021,Jemima Buckthorpe
Nori Sea Weed,338,529.52,8651.3,9/9/2021,Anna-maria Prydden
Beets - Mini Golden,685,999.3,3675.17,11/12/2021,Upton Byrne
Icecream - Dstk Strw Chseck,981,517.98,2879.31,8/18/2021,Darb Eaglen
Mini - Vol Au Vents,849,313.62,7867.79,6/27/2021,Robby Curston
Hinge W Undercut,556,330.32,6622.18,10/21/2021,Minnie Pigot
"Fish - Halibut, Cold Smoked",664,562.28,1965.73,4/29/2021,Camille Coatham
Yogurt - Assorted Pack,261,740.32,288.64,9/20/2021,Melisande Hinkes
Food Colouring - Red,955,71.25,237.42,4/28/2021,Evangelia McCormack
"Wine - White, Concha Y Toro",862,644.19,6064.53,3/8/2021,Maurizio Stittle
Ice Cream Bar - Hagen Daz,50,269.35,6808.82,6/30/2021,Titos Pargetter
Beans - Butter Lrg Lima,459,233.24,9237.55,9/26/2021,Jeno Loch
Sugar - White Packet,464,840.54,1994.28,12/16/2021,Launce Singleton
Cheese - Parmesan Cubes,810,47.79,880.97,8/23/2021,Barth Caso
Dried Apple,548,603.61,65.15,10/1/2021,Colver Swetmore
Yucca,839,387.97,6364.35,5/4/2021,Aile Taye
Sugar - Splenda Sweetener,938,524.44,9732.33,10/9/2021,Niels Menary
Sprouts - Bean,331,428.14,1549.62,12/4/2021,Catina Wadesworth
Soupfoamcont12oz 112con,641,459.51,1771.68,6/19/2021,Egbert Santori
Cake - Miini Cheesecake Cherry,969,57.6,9744.15,10/25/2021,Cecilla Fedorski
Bread Bowl Plain,403,169.11,4974.14,1/15/2021,Sapphire Hulle
Ice Cream - Chocolate,833,903.97,2205.32,1/7/2021,Caritta Biggar
"Nestea - Ice Tea, Diet",489,353.46,2820.83,5/9/2021,Georgetta Spurrier
Rye Special Old,273,98.02,9445.28,11/26/2021,Algernon Pedrielli
Pineapple - Regular,895,319.32,8796.09,10/3/2021,Gerri Bengochea
"Shrimp - 16 - 20 Cooked, Peeled",3,653.79,7929.59,2/13/2021,Modestia Duckerin
Ice Cream - Fudge Bars,69,964.03,5469.08,1/21/2021,Ermin Sustin
Sugar Thermometer,298,802.03,6308.26,3/11/2021,Rheba Dureden
"Juice - Apple, 341 Ml",384,938.92,5251.19,9/26/2021,Butch Papierz
Water - Aquafina Vitamin,877,987.33,1049.86,7/15/2021,Maddy Pimbley
Wine - Winzer Krems Gruner,20,357.32,1972.2,9/15/2021,Caroljean Paradine
Tuna - Fresh,711,242.47,3775.98,6/5/2021,Layne Parcells
Dc - Frozen Momji,449,492.72,8979.6,11/26/2021,Ameline Lemmen
Hinge W Undercut,670,947.28,9201.56,6/13/2021,Tamqrah Deme
Truffle Shells - White Chocolate,407,137.62,949.06,1/27/2021,Hillel Endrighi
Cake - French Pear Tart,3,243.55,6873.24,8/27/2021,Shaughn Oakshott
Coconut Milk - Unsweetened,910,156.72,5359.46,8/28/2021,Austina Hesse
"Corn - Cream, Canned",64,983.2,9739.59,3/14/2021,Jackqueline Harper
Lettuce - Escarole,824,873.13,9310.08,9/3/2021,Reuben Schoolfield
Beer - Paulaner Hefeweisse,37,752.28,2013.92,8/22/2021,Burton Gimert
Bay Leaf Fresh,16,20.96,1886.58,11/9/2021,Geri Wagstaffe
Tart - Raisin And Pecan,824,479.46,2759.97,12/10/2021,Leslie Waddicor
Appetizer - Sausage Rolls,238,539.93,313.34,10/22/2021,Korney Glazier
Fireball Whisky,41,313.47,8325.9,8/18/2021,Valentia Sinott
Beef Striploin Aaa,497,639.18,7218.53,7/31/2021,Dolorita Hayer
Wine - Chianti Classica Docg,874,204.15,9480.54,4/17/2021,Miquela Issacson
Soup Campbells Turkey Veg.,776,277.02,5637.42,9/7/2021,Gabriella Millington
Coffee - Dark Roast,961,824.59,8285.36,6/27/2021,Daile Jozwik
Vinegar - Balsamic,340,275.77,9659.5,11/17/2021,Krystle Suttaby
Cheese - Le Cheve Noir,269,975.1,561.07,1/24/2021,Renard Briddock
Cabbage Roll,941,492.09,5149.63,9/26/2021,Gare Kingman
Cake - Pancake,867,538.96,4373.39,7/3/2021,Dona Maddicks
Mix - Cocktail Strawberry Daiquiri,957,856.67,3172.76,3/27/2021,Immanuel Binestead
"Tomatoes - Cherry, Yellow",602,957.79,7968.97,10/21/2021,Jasmina Epilet
Pumpkin,897,803.05,9220.58,7/16/2021,Nonie Gommowe
Milk - 2% 250 Ml,641,1.25,8018.36,7/19/2021,Seth Beddo
Wakami Seaweed,710,947.38,9159.89,3/8/2021,Danya Rymour
Milk Powder,50,430.51,973.73,9/13/2021,Ericka Rodrigues
Blueberries - Frozen,786,473.95,4388.66,4/1/2021,Helen-elizabeth Elcum
Sauce - Thousand Island,612,368.65,5574.57,7/5/2021,Alaric Keith
Sugar - Cubes,665,700.53,7585.43,10/22/2021,Hagan Molan
Mushrooms - Honey,994,990.19,6788.15,10/9/2021,Tania Nobbs
Syrup - Monin - Blue Curacao,78,620.86,9583.39,7/18/2021,Myca Bonelle
Cup Translucent 9 Oz,826,923.5,3227.04,3/27/2021,Mercy Stoneman
Wine - Acient Coast Caberne,342,9.33,8725.26,3/25/2021,Traver Garey
Bread - White Mini Epi,99,431.37,8997.32,8/28/2021,Haven Penrith
Shrimp - Black Tiger 16/20,389,692.3,2099.99,5/31/2021,Venita Dobbins
Pastry - Choclate Baked,517,638.81,6579.23,3/15/2021,Barbee Binyon
"Stock - Veal, Brown",602,670.13,3502.92,9/11/2021,Ellene Truscott
Cut Wakame - Hanawakaba,228,312.15,868.94,5/10/2021,Jon Schreurs
Sauce - Thousand Island,713,289.01,1623.38,1/25/2021,Ephrem Bayliss
Bouillion - Fish,61,259.93,6208.13,10/12/2021,Gaile Buddle
"Nut - Pine Nuts, Whole",15,664.02,9090.14,10/9/2021,Cissiee Danielian
Cheese Cloth,482,500.43,6027.48,8/22/2021,Harrietta Simpkins
Olives - Morracan Dired,541,308.48,6230.5,10/1/2021,Petey Ashbey
Energy - Boo - Koo,225,306.02,453.09,2/12/2021,Jeane Gresswood
Pineapple - Golden,112,425.29,1631.97,7/3/2021,Bourke Percifull
Sword Pick Asst,283,775.95,9690.5,1/29/2021,Joana Slyme
Cleaner - Bleach,844,215.63,5239.59,3/29/2021,Janella Rymmer
Red Cod Fillets - 225g,947,141.24,8501.84,3/7/2021,Cami Stanmore
"Beef - Ox Tongue, Pickled",407,10.07,3034.53,1/27/2021,Kathe Kitching
Sponge Cake Mix - Vanilla,528,320.53,3054.04,9/13/2021,Billie Trethewey
Beans - Kidney White,769,15.42,6761.8,8/5/2021,Codi Goldfinch
Plasticspoonblack,839,241.74,3156.68,6/1/2021,Sybila MacIntosh
Apricots Fresh,87,821.39,3396.07,9/17/2021,Cindi MacKomb
Pepper - Yellow Bell,988,815.49,9284.02,6/9/2021,Patsy Yushachkov
Cauliflower,580,534.06,261.96,2/12/2021,Paddy Verni
Shrimp - 31/40,607,690.92,4343.22,3/3/2021,Boothe Wolfart
Longos - Grilled Veg Sandwiches,428,92.44,5036.67,6/18/2021,Joyous Bohills
Skirt - 24 Foot,876,922.69,1508.65,11/13/2021,Jeane Hackleton
Sea Bass - Fillets,585,0.58,9955.69,1/25/2021,Irita Lawey
Potatoes - Yukon Gold 5 Oz,80,386.12,2915.97,12/26/2021,Caddric Chuck
Liners - Baking Cups,979,646.93,5200.1,1/8/2021,Kendricks Newlin
Bread - Pita,350,502.05,2012.33,2/23/2021,Cleve Mein
Longos - Chicken Caeser Salad,91,600.24,8966.63,4/7/2021,Laverna Olivella
"Chicken - Diced, Cooked",35,942.42,4507.1,10/27/2021,Holly Daniau
Nantucket Cranberry Juice,850,526.72,2873.08,9/28/2021,Pietra McKeggie
Flour - Whole Wheat,514,41.05,2485.57,1/16/2021,Bibby Buzza
Spinach - Frozen,946,128.61,1639.23,10/9/2021,Corene Collabine
"Beans - Long, Chinese",404,873.07,2786.8,3/28/2021,Tedman Fenge
Pickle - Dill,664,161.74,3757.9,12/15/2021,Alyssa Kiddy
Tea - Herbal Sweet Dreams,902,348.99,6359.12,10/13/2021,Hayyim Lowell
Lamb - Loin Chops,106,358.19,8752.2,9/17/2021,Isadore Gaskall
Pur Value,6,600.2,5227.52,8/24/2021,Wilton Patrick
Wine - Carmenere Casillero Del,802,959.49,2623.57,9/27/2021,Berte Heinke
"Coconut - Shredded, Unsweet",674,63.2,4439.11,1/28/2021,Trish Pues
Wine - Sicilia Igt Nero Avola,516,235.03,3830.5,6/7/2021,Bernhard Caskie
Pie Box - Cello Window 2.5,769,743.75,2942.31,4/20/2021,Rodie Milazzo
Versatainer Nc - 9388,920,528.81,3626.2,2/21/2021,Kerk Tineman
Sausage - Andouille,806,312.28,9794.52,11/12/2021,Conan Baudinelli
Cheese - Grie Des Champ,952,322.32,2277.83,12/5/2021,Llewellyn Robbert
Dry Ice,269,146.58,9135.15,4/24/2021,Marne Morena
Horseradish Root,252,251.82,9918.0,11/11/2021,Adrianne Balogh
Sunflower Seed Raw,569,349.8,5628.51,9/24/2021,Patrice McMorran
Dried Cherries,519,744.89,4659.73,11/2/2021,Karry Held
Salami - Genova,202,656.08,4453.44,7/10/2021,Dari Letrange
Apples - Spartan,74,857.77,9580.54,7/31/2021,Ellary Cullabine
Appetizer - Seafood Assortment,871,492.96,9982.94,4/27/2021,Wanda Hingeley
Rice Paper,582,830.36,3598.4,11/27/2021,Skipp Flemming
Aspic - Light,718,199.07,4478.57,7/23/2021,Annabelle Beddin
Milkettes - 2%,297,204.09,9725.86,8/30/2021,Othello Robel
Jam - Raspberry,431,358.72,1184.79,5/3/2021,Beaufort Jordeson
Flour - Bread,576,38.59,9662.71,6/28/2021,Lane Bunson
Puree - Passion Fruit,614,527.09,1774.76,11/22/2021,Mariska Elgram
Bread - Italian Corn Meal Poly,395,986.61,1791.19,1/10/2021,Ancell Standish-Brooks
Emulsifier,72,670.56,6044.43,9/3/2021,Vickie Andriveau
"Cheese - Cheddar, Mild",941,739.08,9418.7,12/8/2021,Carleen Erskine
Cattail Hearts,806,211.99,5130.54,4/14/2021,Merl Furnell
Cookie - Dough Variety,303,397.11,6806.73,5/11/2021,Ericha Matous
V8 - Berry Blend,33,671.26,6346.55,8/20/2021,Karita Viveash
Cabbage - Savoy,292,219.68,555.44,4/4/2021,Kerstin Cawdell
Plaintain,293,110.56,4467.7,5/16/2021,Valentino Duggan
Soup Campbells Mexicali Tortilla,68,81.99,9599.65,11/3/2021,Wenona Dingivan
Island Oasis - Banana Daiquiri,311,964.14,4532.52,5/15/2021,Thalia Evans
"Napkin - Beverge, White 2 - Ply",467,559.33,1650.57,11/7/2021,Hamel Mongan
Sugar - Icing,519,236.85,907.77,12/15/2021,Talbert Ruselin
Wine - Penfolds Koonuga Hill,779,261.48,9072.9,5/12/2021,Augy Sabater
"Pork - Back, Short Cut, Boneless",242,376.66,2942.72,5/19/2021,Shelagh Brixey
Tea Leaves - Oolong,7,847.96,6565.44,6/5/2021,Kippar Holtom
Lamb Rack Frenched Australian,626,310.94,3872.86,9/3/2021,Heddie Noot
Nutmeg - Ground,408,876.04,1435.06,9/19/2021,Carrissa Semered
Juice - Ocean Spray Kiwi,836,130.86,3184.99,4/19/2021,Roda Rheaume
Rice - Long Grain,663,5.08,1070.03,12/1/2021,Barnie Berriman
Compound - Raspberry,436,306.4,5704.63,9/19/2021,Deerdre Hawe
Sea Bass - Fillets,858,911.67,1632.72,1/19/2021,Gherardo Frise
Flour - Strong,304,171.13,6921.32,9/4/2021,Janith Spikeings
"Wine - White, Riesling, Henry Of",553,825.9,150.75,7/1/2021,Jade Gierck
Coffee - Cafe Moreno,165,653.76,379.21,1/31/2021,Emmalynn Kapelhof
"Nut - Chestnuts, Whole",874,73.97,3331.53,8/3/2021,Daphna Endersby
Soup - Campbells Broccoli,929,421.47,7821.82,1/20/2021,Dunc Cavill
Mustard - Pommery,485,126.94,4798.65,3/30/2021,Lindi Cinavas
Olives - Nicoise,519,995.98,1802.37,3/13/2021,Giffard Screach
Pur Value,334,588.93,9421.15,1/4/2021,Alec Hartus
Lotus Root,907,878.76,6617.27,2/18/2021,Vanya Pinkett
Cumin - Ground,182,497.64,6948.87,4/4/2021,Karlen Jonke
"Soup - Beef Conomme, Dry",271,473.97,2041.07,3/1/2021,Yuri Alpes
Sage - Rubbed,511,103.09,4416.97,9/20/2021,Ossie Kilgallen
Sauce - Balsamic Viniagrette,699,992.61,7859.51,1/14/2021,Paulie Caswall
Cookie Trail Mix,826,92.76,1425.21,11/8/2021,Stormi Avon
"Salmon - Smoked, Sliced",706,775.92,1752.63,7/10/2021,Lorna Fayre
Pumpkin,19,818.43,1874.6,5/31/2021,Windy Hartnup
"Soup - Campbells, Classic Chix",243,959.97,8116.24,2/6/2021,Hope Kleinplac
"Wine - White, Riesling, Henry Of",609,886.44,7686.01,3/26/2021,Wallis Studde
Bread - Frozen Basket Variety,403,917.84,388.61,6/13/2021,Victoria Westpfel
"Wine - Red, Cabernet Merlot",868,32.74,1349.71,2/15/2021,Blinny Bound
Trueblue - Blueberry,635,724.81,1740.97,8/13/2021,Mariellen Malter
Hagen Daza - Dk Choocolate,24,897.2,6170.51,9/2/2021,Lorine Cooch
Clam - Cherrystone,586,298.71,7691.44,7/7/2021,Carissa Hamsher
Pastry - Apple Large,773,162.61,9952.13,1/16/2021,Gilbert Hudel
Dill Weed - Fresh,515,698.53,619.19,6/13/2021,Giacinta Heams
Bag - Regular Kraft 20 Lb,56,743.89,7903.04,11/1/2021,Barton Hews
Horseradish - Prepared,561,64.78,6516.64,12/24/2021,Hadria Naerup
"Mushroom - Morels, Dry",781,478.16,1900.93,1/23/2021,Greg Fury
Halibut - Fletches,303,328.38,7945.99,5/3/2021,Letizia Botting
Beef - Ground Medium,720,866.7,3798.27,8/4/2021,Fionna Philip
Yucca,153,344.15,357.2,2/1/2021,Halimeda Speir
Mix - Cocktail Strawberry Daiquiri,572,801.69,9582.2,3/31/2021,Kathi Kolushev
Cleaner - Comet,179,13.9,8939.89,11/7/2021,Delcina Caswall
Cheese - Pont Couvert,929,442.49,5618.0,8/2/2021,Barry Leeburn
Peppercorns - Green,977,841.08,4868.46,4/18/2021,Eugine Cudiff
Wine - George Duboeuf Rose,860,334.89,9553.67,9/14/2021,Harriet Mapham
"Champagne - Brights, Dry",308,163.16,9930.18,8/2/2021,Robinet Gori
Longos - Chicken Wings,175,607.24,4536.37,2/2/2021,Buddy Maitland
"Coke - Diet, 355 Ml",546,100.45,5168.72,4/29/2021,Freddy Trobe
"Beef - Ground, Extra Lean, Fresh",680,831.89,8985.63,1/19/2021,Zechariah Aistrop
Sausage - Chorizo,164,504.7,3395.35,12/15/2021,Kerianne Sheehan
Table Cloth 62x120 White,405,272.3,7379.28,3/29/2021,Rosabelle Kelso
Bread - Assorted Rolls,390,54.42,7338.38,8/26/2021,Arlyn Paulot
Wine - Piper Heidsieck Brut,661,696.02,2554.71,3/10/2021,Ranna Broschek
Tray - 12in Rnd Blk,613,30.93,2831.14,5/19/2021,Jessie McGrale
"Wine - Red, Concha Y Toro",545,149.43,1965.29,7/31/2021,Sherm Sinnock
Assorted Desserts,958,997.76,8424.91,2/14/2021,Ketty Gornal
Jam - Raspberry,315,488.61,502.06,2/13/2021,Dwight Soden
"Cup - 6oz, Foam",803,191.48,2173.55,5/21/2021,Odo Bompas
Tomatoes Tear Drop Yellow,639,922.84,2638.2,1/30/2021,Bennett Petrak
Soup - Base Broth Beef,994,962.63,3085.09,11/5/2021,Engracia Perillio
"Syrup - Golden, Lyles",324,185.46,1447.7,5/28/2021,Magdaia Elam
Rum - Mount Gay Eclipes,545,259.34,7811.79,4/15/2021,Rollie Churm
Hinge W Undercut,919,111.72,8380.8,8/2/2021,Caye Ferrieroi
Ham - Cooked Bayonne Tinned,585,440.59,2243.96,5/17/2021,Tish Trood
Beer - Upper Canada Lager,731,643.19,69.33,10/30/2021,Randie Kitchingman
Soup - Campbells Chili Veg,528,895.53,8992.23,4/3/2021,Tybalt Jozsef
Tuna - Yellowfin,758,828.51,8866.47,6/29/2021,Nerita Bruffell
Puree - Guava,464,658.55,3857.35,6/30/2021,Rafaellle Cucuzza
Pears - Fiorelle,388,573.25,9085.39,8/1/2021,Lacey Ackery
"Wine - White, Cooking",819,664.25,4319.25,4/11/2021,Cly Sitwell
Bacon Strip Precooked,248,99.29,7768.99,11/14/2021,Hansiain Jennins
Scallops - 20/30,533,830.36,2758.72,2/21/2021,Kyle Maymond
Cognac - Courvaisier,30,624.6,1778.83,5/27/2021,Artair Conkay
Bread - 10 Grain Parisian,299,526.26,359.88,7/10/2021,Fifine Johnson
Passion Fruit,327,365.83,1819.89,7/9/2021,Barbaraanne Crone
Wine - Tribal Sauvignon,530,184.48,5559.17,6/30/2021,Chlo Waymont
Ham Black Forest,878,177.19,4996.91,10/9/2021,Matthew Cordsen
Tomatoes - Cherry,619,645.85,3837.21,4/15/2021,Clem Louisot
Yokaline,157,512.93,9403.75,1/21/2021,Hobard Hillam
"Bread - Sticks, Thin, Plain",701,43.74,2048.61,8/19/2021,Lotte Addinall
"Pork - Loin, Bone - In",891,934.49,7592.22,12/24/2021,Robby Aspinall
Pastry - Trippleberry Muffin - Mini,998,623.51,4650.46,6/29/2021,Artemas Doxey
Water - Tonic,936,599.66,6649.59,3/10/2021,Stacie Ruzic
"Marsala - Sperone, Fine, D.o.c.",197,449.52,8420.3,10/16/2021,Alexandr Echallier
Sesame Seed,814,843.09,2151.01,7/11/2021,Arman Paolucci
Gloves - Goldtouch Disposable,899,631.7,7944.51,2/7/2021,Sib Scinelli
"Pepper - Black, Whole",620,996.24,9185.74,4/8/2021,Rayshell Hiorn
Quail - Jumbo Boneless,558,307.64,1.33,7/23/2021,Ingar Lanmeid
Wine - Merlot Vina Carmen,186,445.69,1201.47,3/18/2021,Aime Bastiman
"Fish - Soup Base, Bouillon",389,346.83,1625.21,5/6/2021,Davine Scamal
Mace Ground,123,908.63,7452.72,1/18/2021,Stephana Sokill
Bag Stand,22,450.36,3171.88,7/29/2021,Felice Fitzjohn
Wine - Rioja Campo Viejo,304,122.89,103.32,4/3/2021,Ebba Comini
"Turnip - White, Organic",756,268.27,2988.29,3/21/2021,Kally Rounding
Corn Kernels - Frozen,862,722.67,1698.07,10/27/2021,Breanne Sharrocks
Vinegar - Rice,361,132.72,9127.37,7/3/2021,Bren Sambals
Sage - Fresh,337,311.7,6823.18,3/13/2021,Fons Fountian
Rabbit - Whole,696,864.41,2490.35,3/10/2021,Jehanna Van Velden
Olives - Morracan Dired,215,129.28,5052.52,2/25/2021,Marlowe Wroughton
Mussels - Frozen,60,887.34,2087.66,6/20/2021,Baily Scardafield
"Beans - Fava, Canned",674,929.78,4331.44,10/15/2021,Harper Labram
Plate Foam Laminated 9in Blk,841,469.41,5470.53,6/19/2021,Allie Giacovelli
Sobe - Orange Carrot,380,767.81,9548.94,7/29/2021,Hesther Shackleford
Lettuce - Belgian Endive,111,680.71,1977.57,7/18/2021,Amberly Roe
Godiva White Chocolate,825,77.6,5290.35,2/11/2021,Kristos Willatt
"Sparkling Wine - Rose, Freixenet",922,287.95,7499.35,12/13/2021,Dael Pettendrich
"Rice Pilaf, Dry,package",564,77.98,1179.01,9/13/2021,Hastings Rihanek
"Fish - Scallops, Cold Smoked",279,543.1,3319.2,7/10/2021,Si Goddman
Onions - Spanish,630,261.94,1107.51,10/11/2021,Ricard Beese
Pork Loin Cutlets,611,616.1,7873.8,5/12/2021,Lemuel Cisar
White Baguette,358,187.75,4694.37,2/6/2021,Morty McAteer
Smoked Paprika,731,105.01,2394.91,5/7/2021,Dominique Vandrill
Dikon,839,113.95,3777.47,3/28/2021,Sadella Danielsky
"Rum - Spiced, Captain Morgan",876,920.54,7278.18,3/30/2021,Isa Megainey
Jack Daniels,790,233.7,8452.09,1/27/2021,Ulrich Kalvin
Juice - Lime,639,578.03,9972.16,9/8/2021,Sherm Olivazzi
Nantucket - Kiwi Berry Cktl.,615,416.6,6034.22,8/25/2021,Cash Parris
"Tomatoes - Cherry, Yellow",988,25.48,5386.88,10/31/2021,Solomon Fitzsimons
Pop - Club Soda Can,172,899.28,1407.5,8/3/2021,Brynna Storer
Bread - Triangle White,137,289.1,565.88,12/17/2021,Kylynn Horley
"Soup - Campbells, Creamy",675,636.08,7517.99,7/28/2021,Lila Row
Coffee - Hazelnut Cream,114,7.2,7684.55,10/12/2021,Merle Billam
Mousse - Banana Chocolate,378,909.55,6780.78,1/13/2021,Jenine Carryer
Lamb - Loin Chops,775,153.35,3920.74,10/31/2021,Norry Peck
Dc - Sakura Fu,260,218.91,9920.86,7/28/2021,Monah Le Prevost
"Bread - Pita, Mini",140,670.35,1637.79,12/21/2021,Cacilia Pinnegar
Pepper - Cubanelle,739,421.82,4570.82,7/25/2021,Louisa Tamblingson
Emulsifier,894,728.96,3002.4,3/18/2021,Othilie Grogan
True - Vue Containers,497,521.64,8268.42,1/4/2021,Augusto Suffe
Miso - Soy Bean Paste,303,169.05,7161.04,4/8/2021,Kristina Lomasney
"Jam - Strawberry, 20 Ml Jar",680,775.03,2910.84,9/27/2021,Alyss Korpal
Beer - Rickards Red,669,583.94,4983.84,3/5/2021,Staford Canario
Sauce Tomato Pouch,657,604.27,7351.21,4/13/2021,Nataniel Osmund
Mushroom - White Button,14,815.34,5752.63,6/25/2021,Bay Ciotto
"Corn - Cream, Canned",45,273.48,4954.28,9/8/2021,Marcel Diggles
"Soup - Campbells, Classic Chix",951,273.75,3712.73,7/21/2021,Drusie Gino
Lychee,114,717.98,5863.84,9/25/2021,Tracie Aird
Sugar - Invert,349,839.04,2389.75,7/1/2021,Brigitta Thomsson
Orange - Tangerine,874,374.7,4375.43,8/30/2021,Davide Miliffe
Bacardi Raspberry,82,355.72,6449.04,12/23/2021,Malissia Glavin
Five Alive Citrus,563,803.9,9086.3,10/29/2021,Neysa Saph
Yukon Jack,421,643.69,4226.38,2/5/2021,Lilllie Vondra
Kohlrabi,848,627.63,8646.82,11/18/2021,Clarissa Worsell
"Pepper - Julienne, Frozen",809,267.55,759.34,3/3/2021,Eugenie Moloney
Magnotta Bel Paese Red,566,625.82,9909.41,10/2/2021,Vanny Fritzer
"Rum - Spiced, Captain Morgan",982,135.99,2713.41,11/1/2021,Dunc Southerden
Pan Grease,698,981.26,5431.86,10/9/2021,Lanni Nelligan
"Pepper - Black, Whole",309,997.75,6372.14,12/8/2021,Veronika Oldacres
"Corn - Cream, Canned",510,30.39,8798.9,6/24/2021,Laurianne Newband
Cattail Hearts,146,641.63,5298.29,8/10/2021,Kain Maestro
"Rum - Light, Captain Morgan",819,130.47,7694.3,9/10/2021,Bettye Kaveney
Beer - Blue,279,667.55,3606.11,4/16/2021,Cordell Beal
Spice - Greek 1 Step,137,530.77,2422.0,6/17/2021,Fiorenze Kynman
Beef - Striploin,453,815.83,602.66,11/8/2021,Alie Blore
Spice - Paprika,274,471.16,9492.51,12/10/2021,Vivienne MacGibbon
Wooden Mop Handle,393,262.72,6726.86,1/24/2021,Hilton Perche
"Pasta - Penne Primavera, Single",73,751.47,6997.3,10/11/2021,Maryanne Paolinelli
"Plate - Foam, Bread And Butter",673,222.08,3326.03,5/2/2021,Kat Hetterich
Chicken - Bones,240,156.31,8991.44,3/18/2021,Jojo Melbourn
Cake Sheet Combo Party Pack,250,907.57,2411.82,9/17/2021,Giuditta Real
"Doilies - 10, Paper",465,572.33,3863.84,5/26/2021,Torrie Behrend
"Soup - Cream Of Broccoli, Dry",642,698.69,886.56,5/3/2021,Fanchon Bartoszinski
"Quail - Whole, Boneless",87,911.06,7094.42,1/31/2021,Taryn McGeneay
Clementine,458,452.19,5524.98,3/5/2021,Inglis Ludee
Food Colouring - Orange,545,997.34,4670.86,8/8/2021,Clo Kerin
"Water - Mineral, Natural",729,107.42,875.44,5/6/2021,Renaldo Dmitr
Wine - Alsace Gewurztraminer,623,410.95,1986.27,4/17/2021,Ambrose Kuhlen
"Nut - Walnut, Chopped",163,242.0,4543.01,10/27/2021,Jenica Bourke
Cheese - Stilton,615,569.12,9101.64,10/11/2021,Velvet Isenor
Ice Cream - Life Savers,593,254.84,2107.85,11/15/2021,Sabina Boyen
Pear - Asian,530,202.77,485.35,1/31/2021,Philippine Larner
Pail For Lid 1537,538,758.89,2487.31,6/13/2021,Griswold Petersen
"Oranges - Navel, 72",782,714.51,9800.73,8/14/2021,Daisey Ower
Veal - Insides Provini,227,553.61,9216.82,6/1/2021,Joshia Pattrick
Food Colouring - Green,299,720.49,1164.61,4/28/2021,Symon Vecard
Veal - Nuckle,662,230.15,180.62,4/16/2021,Jaclyn Dimmer
Food Colouring - Pink,808,738.94,839.43,11/20/2021,Yehudi Moral
Spring Roll Wrappers,896,978.94,8251.33,4/27/2021,Franny Itzchaki
V8 - Berry Blend,752,690.78,4230.14,9/17/2021,Allayne Longland
Raspberries - Frozen,78,854.05,627.15,1/11/2021,Giffy Borges
Bandage - Finger Cots,809,905.04,9362.31,4/8/2021,Philbert Gronaller
Shortbread - Cookie Crumbs,453,81.43,4861.26,1/17/2021,Binky Spering
Ecolab - Power Fusion,114,965.57,4979.4,2/14/2021,Frieda Medgewick
Chocolate - Chips Compound,354,329.67,5179.71,1/13/2021,Dasha Oleszkiewicz
Lettuce - Sea / Sea Asparagus,954,256.21,1708.15,6/28/2021,Kelsey Lavin
"Cheese - Havarti, Roasted Garlic",248,430.15,5299.27,6/21/2021,Huntington Alexis
Wine - Delicato Merlot,749,940.73,2650.8,9/16/2021,Carney Kidson
Cheese - Marble,701,81.38,1976.1,10/12/2021,Colas Hallstone
Cream - 18%,841,34.98,8073.18,11/2/2021,Coriss Powlett
"Veal - Leg, Provimi - 50 Lb Max",162,79.26,6339.11,3/22/2021,Lottie Shipperbottom
Potatoes - Idaho 100 Count,82,659.64,8880.12,7/31/2021,Irene Makepeace
"Soup - Beef, Base Mix",701,565.18,7682.49,12/8/2021,Westley Guitton
Piping Jelly - All Colours,1,961.49,7038.75,9/25/2021,Nikaniki Sallows
Pea - Snow,652,940.83,4449.22,4/10/2021,Dominick Doiley
"Pasta - Penne, Lisce, Dry",855,746.32,1248.97,12/25/2021,Verne Prichet
Soup - Campbells Mac N Cheese,206,314.67,3749.21,12/13/2021,Gwenette Spratling
Pear - Prickly,990,366.91,2217.37,1/7/2021,Cyndi Spira
Filling - Mince Meat,167,290.61,4656.04,7/24/2021,Carilyn Shivlin
"Wine - Red, Wolf Blass, Yellow",551,0.09,1681.66,12/17/2021,Darya Yerby
Lettuce - Radicchio,685,16.26,6234.75,4/29/2021,Alleyn Gersam
"Roe - Lump Fish, Red",292,805.67,8024.04,2/17/2021,Goldie Tibbles
Wine - Prem Select Charddonany,209,514.6,2546.26,11/5/2021,Tish Menego
Bagel - Everything,68,125.45,9676.75,8/3/2021,Nanice Breach
Bread - Pain Au Liat X12,358,423.22,2342.46,12/22/2021,Morse Vokes
Lettuce Romaine Chopped,132,691.37,8718.28,5/8/2021,Nessi Arthey
Peach - Halves,647,838.74,6836.31,6/9/2021,Konrad Evequot
Cookies - Fortune,88,482.32,8461.55,9/26/2021,Rene Lefwich
Gatorade - Lemon Lime,505,497.8,1625.2,7/11/2021,Ernestine Shrive
Milkettes - 2%,440,645.84,7699.04,8/25/2021,Kinnie Faiers
Mint - Fresh,366,257.01,2696.17,3/17/2021,Sibelle Blackesland
Dc - Sakura Fu,370,645.37,8946.49,4/22/2021,Demetria Beste
Cakes Assorted,493,174.04,7694.72,1/16/2021,Nancee Jiggle
"Wine - Red, Cooking",455,522.94,7022.05,2/6/2021,Chilton Roelofsen
Wine - Pinot Noir Mondavi Coastal,255,934.1,2177.3,3/29/2021,El Erasmus
Rootbeer,61,45.32,3009.05,8/12/2021,Eal Lazenby
"Bread - Roll, Whole Wheat",438,439.96,6718.39,8/10/2021,Dot Roseveare
Wine - Black Tower Qr,93,374.73,704.54,12/9/2021,Felicity Varrow
Cabbage - Savoy,256,450.87,2730.57,8/12/2021,Mair Bosward
White Baguette,752,900.88,6688.24,2/12/2021,Kittie Sidnell
"Doilies - 8, Paper",27,522.34,2967.6,10/16/2021,Rachel McCool
Cheese Cloth No 60,854,706.12,6574.14,7/22/2021,Lorene Sercombe
Food Colouring - Blue,591,489.95,1462.9,7/24/2021,Junina Gurner
Truffle - Whole Black Peeled,464,2.71,843.43,1/10/2021,Culley Kennelly
Oil - Macadamia,51,785.66,4075.57,1/17/2021,Starlene Schukraft
Garam Masala Powder,133,198.28,5554.57,9/14/2021,Hilly Quinn
Fondant - Icing,739,671.82,4787.55,4/21/2021,Carola McKeggie
"Sauce - Bernaise, Mix",585,630.74,3164.2,12/23/2021,Joshuah Sterman
Canadian Emmenthal,856,618.48,8349.2,2/7/2021,Hadrian Colls
Longos - Grilled Veg Sandwiches,879,321.13,2249.06,11/22/2021,Celie Plumtree
Sachet,73,526.28,8167.69,1/21/2021,Gregory Baseke
Container - Foam Dixie 12 Oz,933,386.83,5001.89,5/25/2021,Dag Kier
"Soup - Campbells, Butternut",587,38.37,5704.19,1/22/2021,Yvor Welbeck
Compound - Raspberry,902,935.85,2032.09,9/1/2021,Brynn Atmore
Soup - Verve - Chipotle Chicken,792,365.93,2019.24,8/9/2021,Matt Auchinleck
"Trout - Hot Smkd, Dbl Fillet",499,957.19,5464.55,2/16/2021,Libby Crate
Olives - Kalamata,827,828.93,473.12,1/30/2021,Fidelio Blunn
Turnip - White,518,377.01,1489.5,8/27/2021,Bendick Whitehair
Longos - Burritos,902,42.47,2912.97,11/12/2021,Evangelia Shakshaft
Plasticknivesblack,205,783.17,6679.25,5/16/2021,Blair Cruise
"Cheese - Boursin, Garlic / Herbs",17,258.72,6923.28,6/16/2021,Waylon Marcam
Orange Roughy 4/6 Oz,272,873.01,98.84,2/25/2021,Leonidas Illiston
"Soup - Cream Of Broccoli, Dry",385,205.51,5956.27,11/10/2021,Town Woolvin
Fennel,321,733.74,7558.96,7/5/2021,Pepita Waring
Chambord Royal,531,386.76,3319.41,5/13/2021,Bax Robotham
Rice Paper,612,489.29,5795.04,8/28/2021,Graeme Syder
Pastry - Chocolate Marble Tea,740,344.86,9112.75,11/12/2021,Rodie Moring
Cookies - Englishbay Wht,385,943.03,3483.21,9/4/2021,Emmie Barnewall
"Doilies - 8, Paper",736,853.75,4751.73,1/16/2021,Brant Daile
"Cookies - Oreo, 4 Pack",385,666.22,9875.12,8/26/2021,Leif Pledge
Beef - Top Butt,44,854.1,1021.66,10/27/2021,Hercule Hunnicot
Cumin - Whole,375,882.36,1803.83,9/18/2021,Angelia Helstrip
"Veal - Shank, Pieces",478,762.36,7360.05,6/16/2021,Sidoney Morant
Chips Potato Salt Vinegar 43g,491,326.96,4343.8,11/25/2021,Morganne Laurenz
Parsley - Dried,28,241.22,4733.35,4/13/2021,Noelyn Kubera
Appetizer - Sausage Rolls,29,132.1,299.17,3/29/2021,Moreen Wesson
Spaghetti Squash,955,304.21,1746.78,2/14/2021,Karissa Spandley
